--------------------------------------------------------
--  File created - Saturday-April-26-2025   
--------------------------------------------------------
--------------------------------------------------------
--  DDL for Table CLIENTS
--------------------------------------------------------

  CREATE TABLE "AHMED"."CLIENTS" 
   (	"CLIENT_ID" NUMBER, 
	"NAME" VARCHAR2(100 BYTE), 
	"SECTOR" VARCHAR2(100 BYTE), 
	"CONTACT_INFO" VARCHAR2(15 BYTE), 
	"CONSULTATION_DATE" TIMESTAMP (6), 
	"EMAIL" VARCHAR2(100 BYTE), 
	"CONSULTANT_ID" NUMBER
   ) SEGMENT CREATION IMMEDIATE 
  PCTFREE 10 PCTUSED 40 INITRANS 1 MAXTRANS 255 NOCOMPRESS LOGGING
  STORAGE(INITIAL 65536 NEXT 1048576 MINEXTENTS 1 MAXEXTENTS 2147483645
  PCTINCREASE 0 FREELISTS 1 FREELIST GROUPS 1 BUFFER_POOL DEFAULT FLASH_CACHE DEFAULT CELL_FLASH_CACHE DEFAULT)
  TABLESPACE "SYSTEM" ;
--------------------------------------------------------
--  DDL for Table EMPLOYEE
--------------------------------------------------------

  CREATE TABLE "AHMED"."EMPLOYEE" 
   (	"ID" NUMBER, 
	"CIN" VARCHAR2(30 BYTE), 
	"LAST_NAME" VARCHAR2(30 BYTE), 
	"FIRST_NAME" VARCHAR2(30 BYTE), 
	"DATE_BIRTH" DATE, 
	"PHONE" VARCHAR2(20 BYTE), 
	"EMAIL" VARCHAR2(60 BYTE), 
	"GENDER" VARCHAR2(20 BYTE), 
	"SALARY" NUMBER, 
	"DATE_HIRING" DATE, 
	"SPECIALITY" VARCHAR2(40 BYTE), 
	"IMAGE" BLOB, 
	"ROLE" VARCHAR2(40 BYTE)
   ) SEGMENT CREATION IMMEDIATE 
  PCTFREE 10 PCTUSED 40 INITRANS 1 MAXTRANS 255 NOCOMPRESS LOGGING
  STORAGE(INITIAL 65536 NEXT 1048576 MINEXTENTS 1 MAXEXTENTS 2147483645
  PCTINCREASE 0 FREELISTS 1 FREELIST GROUPS 1 BUFFER_POOL DEFAULT FLASH_CACHE DEFAULT CELL_FLASH_CACHE DEFAULT)
  TABLESPACE "SYSTEM" 
 LOB ("IMAGE") STORE AS BASICFILE (
  TABLESPACE "SYSTEM" ENABLE STORAGE IN ROW CHUNK 8192 RETENTION 
  NOCACHE LOGGING 
  STORAGE(INITIAL 65536 NEXT 1048576 MINEXTENTS 1 MAXEXTENTS 2147483645
  PCTINCREASE 0 FREELISTS 1 FREELIST GROUPS 1 BUFFER_POOL DEFAULT FLASH_CACHE DEFAULT CELL_FLASH_CACHE DEFAULT)) ;
--------------------------------------------------------
--  DDL for Table FORMATIONS
--------------------------------------------------------

  CREATE TABLE "AHMED"."FORMATIONS" 
   (	"IDFORM" NUMBER, 
	"FORMATION" VARCHAR2(30 BYTE), 
	"DESCRIPTION" VARCHAR2(100 BYTE), 
	"TRAINER" VARCHAR2(20 BYTE), 
	"DATEF" DATE, 
	"TIME" NUMBER, 
	"PRIX" NUMBER, 
	"EPLOYEE_ID" NUMBER, 
	"CLIENT_ID" NUMBER, 
	"RESSOURCE_ID" NUMBER
   ) SEGMENT CREATION IMMEDIATE 
  PCTFREE 10 PCTUSED 40 INITRANS 1 MAXTRANS 255 NOCOMPRESS LOGGING
  STORAGE(INITIAL 65536 NEXT 1048576 MINEXTENTS 1 MAXEXTENTS 2147483645
  PCTINCREASE 0 FREELISTS 1 FREELIST GROUPS 1 BUFFER_POOL DEFAULT FLASH_CACHE DEFAULT CELL_FLASH_CACHE DEFAULT)
  TABLESPACE "SYSTEM" ;
--------------------------------------------------------
--  DDL for Table MEETING
--------------------------------------------------------

  CREATE TABLE "AHMED"."MEETING" 
   (	"ID" NUMBER, 
	"TITLE" VARCHAR2(41 BYTE), 
	"ORGANISER" VARCHAR2(40 BYTE), 
	"PARTICIPANT" VARCHAR2(40 BYTE), 
	"AGENDA" VARCHAR2(40 BYTE), 
	"DURATION" NUMBER, 
	"EMPLOYEE_ID" NUMBER, 
	"CLIENT_ID" NUMBER, 
	"RESSOURCE_ID" NUMBER, 
	"DATEM" DATE
   ) SEGMENT CREATION IMMEDIATE 
  PCTFREE 10 PCTUSED 40 INITRANS 1 MAXTRANS 255 NOCOMPRESS LOGGING
  STORAGE(INITIAL 65536 NEXT 1048576 MINEXTENTS 1 MAXEXTENTS 2147483645
  PCTINCREASE 0 FREELISTS 1 FREELIST GROUPS 1 BUFFER_POOL DEFAULT FLASH_CACHE DEFAULT CELL_FLASH_CACHE DEFAULT)
  TABLESPACE "SYSTEM" ;
--------------------------------------------------------
--  DDL for Table RESOURCES
--------------------------------------------------------

  CREATE TABLE "AHMED"."RESOURCES" 
   (	"RESOURCE_ID" NUMBER, 
	"NAME" VARCHAR2(50 BYTE), 
	"TYPE" VARCHAR2(50 BYTE), 
	"BRAND" VARCHAR2(50 BYTE), 
	"QUANTITY" NUMBER, 
	"PURCHASE_DATE" DATE, 
	"IMAGE" BLOB, 
	"EMPLOYEE_ID" NUMBER
   ) SEGMENT CREATION IMMEDIATE 
  PCTFREE 10 PCTUSED 40 INITRANS 1 MAXTRANS 255 NOCOMPRESS LOGGING
  STORAGE(INITIAL 65536 NEXT 1048576 MINEXTENTS 1 MAXEXTENTS 2147483645
  PCTINCREASE 0 FREELISTS 1 FREELIST GROUPS 1 BUFFER_POOL DEFAULT FLASH_CACHE DEFAULT CELL_FLASH_CACHE DEFAULT)
  TABLESPACE "SYSTEM" 
 LOB ("IMAGE") STORE AS BASICFILE (
  TABLESPACE "SYSTEM" ENABLE STORAGE IN ROW CHUNK 8192 RETENTION 
  NOCACHE LOGGING 
  STORAGE(INITIAL 65536 NEXT 1048576 MINEXTENTS 1 MAXEXTENTS 2147483645
  PCTINCREASE 0 FREELISTS 1 FREELIST GROUPS 1 BUFFER_POOL DEFAULT FLASH_CACHE DEFAULT CELL_FLASH_CACHE DEFAULT)) ;
REM INSERTING into AHMED.CLIENTS
SET DEFINE OFF;
Insert into AHMED.CLIENTS (CLIENT_ID,NAME,SECTOR,CONTACT_INFO,CONSULTATION_DATE,EMAIL,CONSULTANT_ID) values (100,'TechCorp','Technology','123455',to_timestamp('26-MAY-25 11.31.26.000000000 AM','DD-MON-RR HH.MI.SSXFF AM'),'contact@techcorp.com',100);
Insert into AHMED.CLIENTS (CLIENT_ID,NAME,SECTOR,CONTACT_INFO,CONSULTATION_DATE,EMAIL,CONSULTANT_ID) values (101,'HealthSolutions','Healthcare','12345678',to_timestamp('26-MAY-25 02.36.54.000000000 PM','DD-MON-RR HH.MI.SSXFF AM'),'info@healthsolutions.com',101);
Insert into AHMED.CLIENTS (CLIENT_ID,NAME,SECTOR,CONTACT_INFO,CONSULTATION_DATE,EMAIL,CONSULTANT_ID) values (200,'TechInnovate','Technology','5551112222',to_timestamp('01-MAY-25 09.00.00.000000000 AM','DD-MON-RR HH.MI.SSXFF AM'),'contact@techinnovate.com',200);
Insert into AHMED.CLIENTS (CLIENT_ID,NAME,SECTOR,CONTACT_INFO,CONSULTATION_DATE,EMAIL,CONSULTANT_ID) values (201,'HealthCorp','Healthcare','5552223333',to_timestamp('02-MAY-25 10.30.00.000000000 AM','DD-MON-RR HH.MI.SSXFF AM'),'info@healthcorp.com',201);
Insert into AHMED.CLIENTS (CLIENT_ID,NAME,SECTOR,CONTACT_INFO,CONSULTATION_DATE,EMAIL,CONSULTANT_ID) values (202,'FinServe','Finance','5553334444',to_timestamp('03-MAY-25 02.00.00.000000000 PM','DD-MON-RR HH.MI.SSXFF AM'),'support@finserve.com',202);
Insert into AHMED.CLIENTS (CLIENT_ID,NAME,SECTOR,CONTACT_INFO,CONSULTATION_DATE,EMAIL,CONSULTANT_ID) values (203,'EduTech','Education','5554445555',to_timestamp('04-MAY-25 11.15.00.000000000 AM','DD-MON-RR HH.MI.SSXFF AM'),'contact@edutech.com',203);
Insert into AHMED.CLIENTS (CLIENT_ID,NAME,SECTOR,CONTACT_INFO,CONSULTATION_DATE,EMAIL,CONSULTANT_ID) values (204,'GreenEnergy','Energy','5555556666',to_timestamp('05-MAY-25 01.45.00.000000000 PM','DD-MON-RR HH.MI.SSXFF AM'),'info@greenenergy.com',204);
Insert into AHMED.CLIENTS (CLIENT_ID,NAME,SECTOR,CONTACT_INFO,CONSULTATION_DATE,EMAIL,CONSULTANT_ID) values (205,'RetailPro','Retail','5556667777',to_timestamp('06-MAY-25 03.00.00.000000000 PM','DD-MON-RR HH.MI.SSXFF AM'),'support@retailpro.com',205);
Insert into AHMED.CLIENTS (CLIENT_ID,NAME,SECTOR,CONTACT_INFO,CONSULTATION_DATE,EMAIL,CONSULTANT_ID) values (206,'MediCare','Healthcare','5557778888',to_timestamp('07-MAY-25 09.30.00.000000000 AM','DD-MON-RR HH.MI.SSXFF AM'),'contact@medicare.com',206);
Insert into AHMED.CLIENTS (CLIENT_ID,NAME,SECTOR,CONTACT_INFO,CONSULTATION_DATE,EMAIL,CONSULTANT_ID) values (207,'AutoTech','Automotive','5558889999',to_timestamp('08-MAY-25 12.00.00.000000000 PM','DD-MON-RR HH.MI.SSXFF AM'),'info@autotech.com',207);
Insert into AHMED.CLIENTS (CLIENT_ID,NAME,SECTOR,CONTACT_INFO,CONSULTATION_DATE,EMAIL,CONSULTANT_ID) values (208,'FoodChain','Food','5559990000',to_timestamp('09-MAY-25 04.00.00.000000000 PM','DD-MON-RR HH.MI.SSXFF AM'),'support@foodchain.com',208);
Insert into AHMED.CLIENTS (CLIENT_ID,NAME,SECTOR,CONTACT_INFO,CONSULTATION_DATE,EMAIL,CONSULTANT_ID) values (209,'TravelEasy','Travel','5550001111',to_timestamp('10-MAY-25 10.00.00.000000000 AM','DD-MON-RR HH.MI.SSXFF AM'),'contact@traveleasy.com',209);
REM INSERTING into AHMED.EMPLOYEE
SET DEFINE OFF;
Insert into AHMED.EMPLOYEE (ID,CIN,LAST_NAME,FIRST_NAME,DATE_BIRTH,PHONE,EMAIL,GENDER,SALARY,DATE_HIRING,SPECIALITY,ROLE) values (100,'14530334','Benmoussa','Ahmed',to_date('01-JAN-90','DD-MON-RR'),'29167398','ahmed.benmoussa@company.com','Homme',20000,to_date('01-JAN-25','DD-MON-RR'),'Informatique','Developer');
Insert into AHMED.EMPLOYEE (ID,CIN,LAST_NAME,FIRST_NAME,DATE_BIRTH,PHONE,EMAIL,GENDER,SALARY,DATE_HIRING,SPECIALITY,ROLE) values (101,'12345678','Hajji','Ahmed',to_date('01-JAN-90','DD-MON-RR'),'12345678','ahmed.hajji@company.com','Homme',20000,to_date('01-JAN-25','DD-MON-RR'),'Informatique','Developer');
Insert into AHMED.EMPLOYEE (ID,CIN,LAST_NAME,FIRST_NAME,DATE_BIRTH,PHONE,EMAIL,GENDER,SALARY,DATE_HIRING,SPECIALITY,ROLE) values (200,'14530335','Smith','John',to_date('15-MAR-85','DD-MON-RR'),'5551234567','john.smith@company.com','Homme',25000,to_date('01-FEB-25','DD-MON-RR'),'Informatique','Developer');
Insert into AHMED.EMPLOYEE (ID,CIN,LAST_NAME,FIRST_NAME,DATE_BIRTH,PHONE,EMAIL,GENDER,SALARY,DATE_HIRING,SPECIALITY,ROLE) values (201,'14530336','Doe','Jane',to_date('22-JUL-88','DD-MON-RR'),'5559876543','jane.doe@company.com','Femme',28000,to_date('15-MAR-25','DD-MON-RR'),'Marketing','Manager');
Insert into AHMED.EMPLOYEE (ID,CIN,LAST_NAME,FIRST_NAME,DATE_BIRTH,PHONE,EMAIL,GENDER,SALARY,DATE_HIRING,SPECIALITY,ROLE) values (202,'14530337','Brown','Michael',to_date('10-NOV-82','DD-MON-RR'),'5554567890','michael.brown@company.com','Homme',30000,to_date('01-APR-25','DD-MON-RR'),'Finance','Analyst');
Insert into AHMED.EMPLOYEE (ID,CIN,LAST_NAME,FIRST_NAME,DATE_BIRTH,PHONE,EMAIL,GENDER,SALARY,DATE_HIRING,SPECIALITY,ROLE) values (203,'14530338','Taylor','Emily',to_date('05-FEB-90','DD-MON-RR'),'5553216547','emily.taylor@company.com','Femme',27000,to_date('10-APR-25','DD-MON-RR'),'Informatique','Developer');
Insert into AHMED.EMPLOYEE (ID,CIN,LAST_NAME,FIRST_NAME,DATE_BIRTH,PHONE,EMAIL,GENDER,SALARY,DATE_HIRING,SPECIALITY,ROLE) values (204,'14530339','Wilson','David',to_date('18-SEP-87','DD-MON-RR'),'5556549870','david.wilson@company.com','Homme',26000,to_date('20-APR-25','DD-MON-RR'),'Marketing','Coordinator');
Insert into AHMED.EMPLOYEE (ID,CIN,LAST_NAME,FIRST_NAME,DATE_BIRTH,PHONE,EMAIL,GENDER,SALARY,DATE_HIRING,SPECIALITY,ROLE) values (205,'14530340','Moore','Sarah',to_date('30-JAN-91','DD-MON-RR'),'5557891234','sarah.moore@company.com','Femme',29000,to_date('01-MAY-25','DD-MON-RR'),'Finance','Manager');
Insert into AHMED.EMPLOYEE (ID,CIN,LAST_NAME,FIRST_NAME,DATE_BIRTH,PHONE,EMAIL,GENDER,SALARY,DATE_HIRING,SPECIALITY,ROLE) values (206,'14530341','Clark','Robert',to_date('12-JUN-84','DD-MON-RR'),'5551472583','robert.clark@company.com','Homme',31000,to_date('15-MAY-25','DD-MON-RR'),'Informatique','Architect');
Insert into AHMED.EMPLOYEE (ID,CIN,LAST_NAME,FIRST_NAME,DATE_BIRTH,PHONE,EMAIL,GENDER,SALARY,DATE_HIRING,SPECIALITY,ROLE) values (207,'14530342','Lewis','Anna',to_date('25-DEC-89','DD-MON-RR'),'5553698521','anna.lewis@company.com','Femme',27500,to_date('01-JUN-25','DD-MON-RR'),'Marketing','Analyst');
Insert into AHMED.EMPLOYEE (ID,CIN,LAST_NAME,FIRST_NAME,DATE_BIRTH,PHONE,EMAIL,GENDER,SALARY,DATE_HIRING,SPECIALITY,ROLE) values (208,'14530343','Walker','James',to_date('03-AUG-86','DD-MON-RR'),'5552581479','james.walker@company.com','Homme',32000,to_date('15-JUN-25','DD-MON-RR'),'Finance','Director');
Insert into AHMED.EMPLOYEE (ID,CIN,LAST_NAME,FIRST_NAME,DATE_BIRTH,PHONE,EMAIL,GENDER,SALARY,DATE_HIRING,SPECIALITY,ROLE) values (209,'14530335','Smith','John',to_date('15-MAR-85','DD-MON-RR'),'5551234567','john.smith@company.com','Homme',25000,to_date('01-FEB-25','DD-MON-RR'),'Informatique','Developer');
Insert into AHMED.EMPLOYEE (ID,CIN,LAST_NAME,FIRST_NAME,DATE_BIRTH,PHONE,EMAIL,GENDER,SALARY,DATE_HIRING,SPECIALITY,ROLE) values (210,'14530336','Doe','Jane',to_date('22-JUL-88','DD-MON-RR'),'5559876543','jane.doe@company.com','Femme',28000,to_date('15-MAR-25','DD-MON-RR'),'Marketing','Manager');
Insert into AHMED.EMPLOYEE (ID,CIN,LAST_NAME,FIRST_NAME,DATE_BIRTH,PHONE,EMAIL,GENDER,SALARY,DATE_HIRING,SPECIALITY,ROLE) values (211,'14530337','Brown','Michael',to_date('10-NOV-82','DD-MON-RR'),'5554567890','michael.brown@company.com','Homme',30000,to_date('01-APR-25','DD-MON-RR'),'Finance','Analyst');
Insert into AHMED.EMPLOYEE (ID,CIN,LAST_NAME,FIRST_NAME,DATE_BIRTH,PHONE,EMAIL,GENDER,SALARY,DATE_HIRING,SPECIALITY,ROLE) values (212,'14530338','Taylor','Emily',to_date('05-FEB-90','DD-MON-RR'),'5553216547','emily.taylor@company.com','Femme',27000,to_date('10-APR-25','DD-MON-RR'),'Informatique','Developer');
Insert into AHMED.EMPLOYEE (ID,CIN,LAST_NAME,FIRST_NAME,DATE_BIRTH,PHONE,EMAIL,GENDER,SALARY,DATE_HIRING,SPECIALITY,ROLE) values (213,'14530339','Wilson','David',to_date('18-SEP-87','DD-MON-RR'),'5556549870','david.wilson@company.com','Homme',26000,to_date('20-APR-25','DD-MON-RR'),'Marketing','Coordinator');
Insert into AHMED.EMPLOYEE (ID,CIN,LAST_NAME,FIRST_NAME,DATE_BIRTH,PHONE,EMAIL,GENDER,SALARY,DATE_HIRING,SPECIALITY,ROLE) values (214,'14530340','Moore','Sarah',to_date('30-JAN-91','DD-MON-RR'),'5557891234','sarah.moore@company.com','Femme',29000,to_date('01-MAY-25','DD-MON-RR'),'Finance','Manager');
Insert into AHMED.EMPLOYEE (ID,CIN,LAST_NAME,FIRST_NAME,DATE_BIRTH,PHONE,EMAIL,GENDER,SALARY,DATE_HIRING,SPECIALITY,ROLE) values (215,'14530341','Clark','Robert',to_date('12-JUN-84','DD-MON-RR'),'5551472583','robert.clark@company.com','Homme',31000,to_date('15-MAY-25','DD-MON-RR'),'Informatique','Architect');
Insert into AHMED.EMPLOYEE (ID,CIN,LAST_NAME,FIRST_NAME,DATE_BIRTH,PHONE,EMAIL,GENDER,SALARY,DATE_HIRING,SPECIALITY,ROLE) values (216,'14530342','Lewis','Anna',to_date('25-DEC-89','DD-MON-RR'),'5553698521','anna.lewis@company.com','Femme',27500,to_date('01-JUN-25','DD-MON-RR'),'Marketing','Analyst');
Insert into AHMED.EMPLOYEE (ID,CIN,LAST_NAME,FIRST_NAME,DATE_BIRTH,PHONE,EMAIL,GENDER,SALARY,DATE_HIRING,SPECIALITY,ROLE) values (217,'14530343','Walker','James',to_date('03-AUG-86','DD-MON-RR'),'5552581479','james.walker@company.com','Homme',32000,to_date('15-JUN-25','DD-MON-RR'),'Finance','Director');
REM INSERTING into AHMED.FORMATIONS
SET DEFINE OFF;
Insert into AHMED.FORMATIONS (IDFORM,FORMATION,DESCRIPTION,TRAINER,DATEF,TIME,PRIX,EPLOYEE_ID,CLIENT_ID,RESSOURCE_ID) values (100,'Agile Training','Introduction to Agile methodologies','Mohamed',to_date('30-APR-26','DD-MON-RR'),120,500,100,100,null);
Insert into AHMED.FORMATIONS (IDFORM,FORMATION,DESCRIPTION,TRAINER,DATEF,TIME,PRIX,EPLOYEE_ID,CLIENT_ID,RESSOURCE_ID) values (200,'Agile Training','Intro to Agile','Mohamed',to_date('01-JUN-25','DD-MON-RR'),120,500,200,200,200);
Insert into AHMED.FORMATIONS (IDFORM,FORMATION,DESCRIPTION,TRAINER,DATEF,TIME,PRIX,EPLOYEE_ID,CLIENT_ID,RESSOURCE_ID) values (201,'Leadership Skills','Leadership Basics','Sarah',to_date('02-JUN-25','DD-MON-RR'),180,700,201,201,null);
Insert into AHMED.FORMATIONS (IDFORM,FORMATION,DESCRIPTION,TRAINER,DATEF,TIME,PRIX,EPLOYEE_ID,CLIENT_ID,RESSOURCE_ID) values (202,'Financial Analysis','Finance for Non-Finance','Michael',to_date('03-JUN-25','DD-MON-RR'),150,600,202,null,202);
Insert into AHMED.FORMATIONS (IDFORM,FORMATION,DESCRIPTION,TRAINER,DATEF,TIME,PRIX,EPLOYEE_ID,CLIENT_ID,RESSOURCE_ID) values (203,'Cybersecurity Basics','Security Awareness','Emily',to_date('04-JUN-25','DD-MON-RR'),90,400,203,203,203);
Insert into AHMED.FORMATIONS (IDFORM,FORMATION,DESCRIPTION,TRAINER,DATEF,TIME,PRIX,EPLOYEE_ID,CLIENT_ID,RESSOURCE_ID) values (204,'Project Management','PMP Prep','David',to_date('05-JUN-25','DD-MON-RR'),240,1000,204,204,null);
Insert into AHMED.FORMATIONS (IDFORM,FORMATION,DESCRIPTION,TRAINER,DATEF,TIME,PRIX,EPLOYEE_ID,CLIENT_ID,RESSOURCE_ID) values (205,'Marketing Strategies','Digital Marketing','Sarah',to_date('06-JUN-25','DD-MON-RR'),120,550,205,null,205);
Insert into AHMED.FORMATIONS (IDFORM,FORMATION,DESCRIPTION,TRAINER,DATEF,TIME,PRIX,EPLOYEE_ID,CLIENT_ID,RESSOURCE_ID) values (206,'Data Analysis','Excel for Data','Robert',to_date('07-JUN-25','DD-MON-RR'),180,650,206,206,206);
Insert into AHMED.FORMATIONS (IDFORM,FORMATION,DESCRIPTION,TRAINER,DATEF,TIME,PRIX,EPLOYEE_ID,CLIENT_ID,RESSOURCE_ID) values (207,'Cloud Computing','AWS Basics','Anna',to_date('08-JUN-25','DD-MON-RR'),150,700,207,207,null);
Insert into AHMED.FORMATIONS (IDFORM,FORMATION,DESCRIPTION,TRAINER,DATEF,TIME,PRIX,EPLOYEE_ID,CLIENT_ID,RESSOURCE_ID) values (208,'Sales Techniques','Closing Deals','James',to_date('09-JUN-25','DD-MON-RR'),120,500,208,null,208);
Insert into AHMED.FORMATIONS (IDFORM,FORMATION,DESCRIPTION,TRAINER,DATEF,TIME,PRIX,EPLOYEE_ID,CLIENT_ID,RESSOURCE_ID) values (209,'Team Building','Collaboration Skills','Lisa',to_date('10-JUN-25','DD-MON-RR'),90,450,209,209,209);
REM INSERTING into AHMED.MEETING
SET DEFINE OFF;
Insert into AHMED.MEETING (ID,TITLE,ORGANISER,PARTICIPANT,AGENDA,DURATION,EMPLOYEE_ID,CLIENT_ID,RESSOURCE_ID,DATEM) values (100,'Project Kickoff','Ahmed Benmoussa','TechCorp Team','Discuss project scope',60,100,100,null,to_date('26-APR-26','DD-MON-RR'));
Insert into AHMED.MEETING (ID,TITLE,ORGANISER,PARTICIPANT,AGENDA,DURATION,EMPLOYEE_ID,CLIENT_ID,RESSOURCE_ID,DATEM) values (200,'Project Kickoff','John Smith','TechInnovate Team','Project Scope',60,200,200,200,to_date('15-MAY-25','DD-MON-RR'));
Insert into AHMED.MEETING (ID,TITLE,ORGANISER,PARTICIPANT,AGENDA,DURATION,EMPLOYEE_ID,CLIENT_ID,RESSOURCE_ID,DATEM) values (201,'Health Review','Jane Doe','HealthCorp Team','Progress Update',45,201,201,null,to_date('16-MAY-25','DD-MON-RR'));
Insert into AHMED.MEETING (ID,TITLE,ORGANISER,PARTICIPANT,AGENDA,DURATION,EMPLOYEE_ID,CLIENT_ID,RESSOURCE_ID,DATEM) values (202,'Finance Strategy','Michael Brown','FinServe Team','Budget Planning',90,202,202,202,to_date('17-MAY-25','DD-MON-RR'));
Insert into AHMED.MEETING (ID,TITLE,ORGANISER,PARTICIPANT,AGENDA,DURATION,EMPLOYEE_ID,CLIENT_ID,RESSOURCE_ID,DATEM) values (203,'EduTech Demo','Emily Taylor','EduTech Team','Product Demo',30,203,203,203,to_date('18-MAY-25','DD-MON-RR'));
Insert into AHMED.MEETING (ID,TITLE,ORGANISER,PARTICIPANT,AGENDA,DURATION,EMPLOYEE_ID,CLIENT_ID,RESSOURCE_ID,DATEM) values (204,'Energy Planning','David Wilson','GreenEnergy Team','Sustainability Goals',60,204,204,null,to_date('19-MAY-25','DD-MON-RR'));
Insert into AHMED.MEETING (ID,TITLE,ORGANISER,PARTICIPANT,AGENDA,DURATION,EMPLOYEE_ID,CLIENT_ID,RESSOURCE_ID,DATEM) values (205,'Retail Expansion','Sarah Moore','RetailPro Team','Store Openings',75,205,205,205,to_date('20-MAY-25','DD-MON-RR'));
Insert into AHMED.MEETING (ID,TITLE,ORGANISER,PARTICIPANT,AGENDA,DURATION,EMPLOYEE_ID,CLIENT_ID,RESSOURCE_ID,DATEM) values (206,'MediCare Update','Robert Clark','MediCare Team','Service Review',45,206,206,206,to_date('21-MAY-25','DD-MON-RR'));
Insert into AHMED.MEETING (ID,TITLE,ORGANISER,PARTICIPANT,AGENDA,DURATION,EMPLOYEE_ID,CLIENT_ID,RESSOURCE_ID,DATEM) values (207,'AutoTech Testing','Anna Lewis','AutoTech Team','Prototype Testing',120,207,207,null,to_date('22-MAY-25','DD-MON-RR'));
Insert into AHMED.MEETING (ID,TITLE,ORGANISER,PARTICIPANT,AGENDA,DURATION,EMPLOYEE_ID,CLIENT_ID,RESSOURCE_ID,DATEM) values (208,'FoodChain Strategy','James Walker','FoodChain Team','Marketing Plan',60,208,208,208,to_date('23-MAY-25','DD-MON-RR'));
Insert into AHMED.MEETING (ID,TITLE,ORGANISER,PARTICIPANT,AGENDA,DURATION,EMPLOYEE_ID,CLIENT_ID,RESSOURCE_ID,DATEM) values (209,'TravelEasy Launch','Lisa Hall','TravelEasy Team','Launch Planning',90,209,209,209,to_date('24-MAY-25','DD-MON-RR'));
REM INSERTING into AHMED.RESOURCES
SET DEFINE OFF;
Insert into AHMED.RESOURCES (RESOURCE_ID,NAME,TYPE,BRAND,QUANTITY,PURCHASE_DATE,EMPLOYEE_ID) values (100,'Projector','Electronics','Epson',3,to_date('01-JAN-25','DD-MON-RR'),100);
Insert into AHMED.RESOURCES (RESOURCE_ID,NAME,TYPE,BRAND,QUANTITY,PURCHASE_DATE,EMPLOYEE_ID) values (101,'Conference Table','Furniture','IKEA',2,to_date('01-JAN-25','DD-MON-RR'),101);
Insert into AHMED.RESOURCES (RESOURCE_ID,NAME,TYPE,BRAND,QUANTITY,PURCHASE_DATE,EMPLOYEE_ID) values (102,'Whiteboard','Stationery','Quartet',5,to_date('01-JAN-25','DD-MON-RR'),100);
Insert into AHMED.RESOURCES (RESOURCE_ID,NAME,TYPE,BRAND,QUANTITY,PURCHASE_DATE,EMPLOYEE_ID) values (103,'Laptop','Electronics','Dell',10,to_date('01-JAN-25','DD-MON-RR'),101);
Insert into AHMED.RESOURCES (RESOURCE_ID,NAME,TYPE,BRAND,QUANTITY,PURCHASE_DATE,EMPLOYEE_ID) values (104,'Coffee Machine','Kitchen Supplies','Nespresso',1,to_date('01-JAN-25','DD-MON-RR'),100);
Insert into AHMED.RESOURCES (RESOURCE_ID,NAME,TYPE,BRAND,QUANTITY,PURCHASE_DATE,EMPLOYEE_ID) values (200,'Laptop','Electronics','Dell',5,to_date('01-MAR-25','DD-MON-RR'),200);
Insert into AHMED.RESOURCES (RESOURCE_ID,NAME,TYPE,BRAND,QUANTITY,PURCHASE_DATE,EMPLOYEE_ID) values (201,'Projector','Electronics','Epson',3,to_date('02-MAR-25','DD-MON-RR'),201);
Insert into AHMED.RESOURCES (RESOURCE_ID,NAME,TYPE,BRAND,QUANTITY,PURCHASE_DATE,EMPLOYEE_ID) values (202,'Conference Table','Furniture','IKEA',2,to_date('03-MAR-25','DD-MON-RR'),202);
Insert into AHMED.RESOURCES (RESOURCE_ID,NAME,TYPE,BRAND,QUANTITY,PURCHASE_DATE,EMPLOYEE_ID) values (203,'Whiteboard','Stationery','Quartet',4,to_date('04-MAR-25','DD-MON-RR'),203);
Insert into AHMED.RESOURCES (RESOURCE_ID,NAME,TYPE,BRAND,QUANTITY,PURCHASE_DATE,EMPLOYEE_ID) values (204,'Printer','Electronics','HP',2,to_date('05-MAR-25','DD-MON-RR'),204);
Insert into AHMED.RESOURCES (RESOURCE_ID,NAME,TYPE,BRAND,QUANTITY,PURCHASE_DATE,EMPLOYEE_ID) values (205,'Coffee Machine','Kitchen Supplies','Nespresso',1,to_date('06-MAR-25','DD-MON-RR'),205);
Insert into AHMED.RESOURCES (RESOURCE_ID,NAME,TYPE,BRAND,QUANTITY,PURCHASE_DATE,EMPLOYEE_ID) values (206,'Chair','Furniture','Herman Miller',10,to_date('07-MAR-25','DD-MON-RR'),206);
Insert into AHMED.RESOURCES (RESOURCE_ID,NAME,TYPE,BRAND,QUANTITY,PURCHASE_DATE,EMPLOYEE_ID) values (207,'Monitor','Electronics','LG',6,to_date('08-MAR-25','DD-MON-RR'),207);
Insert into AHMED.RESOURCES (RESOURCE_ID,NAME,TYPE,BRAND,QUANTITY,PURCHASE_DATE,EMPLOYEE_ID) values (208,'Desk','Furniture','Steelcase',5,to_date('09-MAR-25','DD-MON-RR'),208);
Insert into AHMED.RESOURCES (RESOURCE_ID,NAME,TYPE,BRAND,QUANTITY,PURCHASE_DATE,EMPLOYEE_ID) values (209,'Stationery Kit','Stationery','Staples',20,to_date('10-MAR-25','DD-MON-RR'),209);
Insert into AHMED.RESOURCES (RESOURCE_ID,NAME,TYPE,BRAND,QUANTITY,PURCHASE_DATE,EMPLOYEE_ID) values (210,'Laptop','Electronics','Dell',5,to_date('01-MAR-25','DD-MON-RR'),200);
Insert into AHMED.RESOURCES (RESOURCE_ID,NAME,TYPE,BRAND,QUANTITY,PURCHASE_DATE,EMPLOYEE_ID) values (211,'Projector','Electronics','Epson',3,to_date('02-MAR-25','DD-MON-RR'),201);
Insert into AHMED.RESOURCES (RESOURCE_ID,NAME,TYPE,BRAND,QUANTITY,PURCHASE_DATE,EMPLOYEE_ID) values (212,'Conference Table','Furniture','IKEA',2,to_date('03-MAR-25','DD-MON-RR'),202);
Insert into AHMED.RESOURCES (RESOURCE_ID,NAME,TYPE,BRAND,QUANTITY,PURCHASE_DATE,EMPLOYEE_ID) values (213,'Whiteboard','Stationery','Quartet',4,to_date('04-MAR-25','DD-MON-RR'),203);
Insert into AHMED.RESOURCES (RESOURCE_ID,NAME,TYPE,BRAND,QUANTITY,PURCHASE_DATE,EMPLOYEE_ID) values (214,'Printer','Electronics','HP',2,to_date('05-MAR-25','DD-MON-RR'),204);
Insert into AHMED.RESOURCES (RESOURCE_ID,NAME,TYPE,BRAND,QUANTITY,PURCHASE_DATE,EMPLOYEE_ID) values (215,'Coffee Machine','Kitchen Supplies','Nespresso',1,to_date('06-MAR-25','DD-MON-RR'),205);
Insert into AHMED.RESOURCES (RESOURCE_ID,NAME,TYPE,BRAND,QUANTITY,PURCHASE_DATE,EMPLOYEE_ID) values (216,'Chair','Furniture','Herman Miller',10,to_date('07-MAR-25','DD-MON-RR'),206);
Insert into AHMED.RESOURCES (RESOURCE_ID,NAME,TYPE,BRAND,QUANTITY,PURCHASE_DATE,EMPLOYEE_ID) values (217,'Monitor','Electronics','LG',6,to_date('08-MAR-25','DD-MON-RR'),207);
Insert into AHMED.RESOURCES (RESOURCE_ID,NAME,TYPE,BRAND,QUANTITY,PURCHASE_DATE,EMPLOYEE_ID) values (218,'Desk','Furniture','Steelcase',5,to_date('09-MAR-25','DD-MON-RR'),208);
Insert into AHMED.RESOURCES (RESOURCE_ID,NAME,TYPE,BRAND,QUANTITY,PURCHASE_DATE,EMPLOYEE_ID) values (219,'Stationery Kit','Stationery','Staples',20,to_date('10-MAR-25','DD-MON-RR'),209);
--------------------------------------------------------
--  DDL for Index CLIENTS_PK
--------------------------------------------------------

  CREATE UNIQUE INDEX "AHMED"."CLIENTS_PK" ON "AHMED"."CLIENTS" ("CLIENT_ID") 
  PCTFREE 10 INITRANS 2 MAXTRANS 255 
  STORAGE(INITIAL 65536 NEXT 1048576 MINEXTENTS 1 MAXEXTENTS 2147483645
  PCTINCREASE 0 FREELISTS 1 FREELIST GROUPS 1 BUFFER_POOL DEFAULT FLASH_CACHE DEFAULT CELL_FLASH_CACHE DEFAULT)
  TABLESPACE "SYSTEM" ;
--------------------------------------------------------
--  DDL for Index EMPLOYEE_PK
--------------------------------------------------------

  CREATE UNIQUE INDEX "AHMED"."EMPLOYEE_PK" ON "AHMED"."EMPLOYEE" ("ID") 
  PCTFREE 10 INITRANS 2 MAXTRANS 255 
  STORAGE(INITIAL 65536 NEXT 1048576 MINEXTENTS 1 MAXEXTENTS 2147483645
  PCTINCREASE 0 FREELISTS 1 FREELIST GROUPS 1 BUFFER_POOL DEFAULT FLASH_CACHE DEFAULT CELL_FLASH_CACHE DEFAULT)
  TABLESPACE "SYSTEM" ;
--------------------------------------------------------
--  DDL for Index FORMATION_PK
--------------------------------------------------------

  CREATE UNIQUE INDEX "AHMED"."FORMATION_PK" ON "AHMED"."FORMATIONS" ("IDFORM") 
  PCTFREE 10 INITRANS 2 MAXTRANS 255 
  STORAGE(INITIAL 65536 NEXT 1048576 MINEXTENTS 1 MAXEXTENTS 2147483645
  PCTINCREASE 0 FREELISTS 1 FREELIST GROUPS 1 BUFFER_POOL DEFAULT FLASH_CACHE DEFAULT CELL_FLASH_CACHE DEFAULT)
  TABLESPACE "SYSTEM" ;
--------------------------------------------------------
--  DDL for Index TABLE1_PK
--------------------------------------------------------

  CREATE UNIQUE INDEX "AHMED"."TABLE1_PK" ON "AHMED"."MEETING" ("ID") 
  PCTFREE 10 INITRANS 2 MAXTRANS 255 
  STORAGE(INITIAL 65536 NEXT 1048576 MINEXTENTS 1 MAXEXTENTS 2147483645
  PCTINCREASE 0 FREELISTS 1 FREELIST GROUPS 1 BUFFER_POOL DEFAULT FLASH_CACHE DEFAULT CELL_FLASH_CACHE DEFAULT)
  TABLESPACE "SYSTEM" ;
--------------------------------------------------------
--  DDL for Index RESOURCES_PK
--------------------------------------------------------

  CREATE UNIQUE INDEX "AHMED"."RESOURCES_PK" ON "AHMED"."RESOURCES" ("RESOURCE_ID") 
  PCTFREE 10 INITRANS 2 MAXTRANS 255 
  STORAGE(INITIAL 65536 NEXT 1048576 MINEXTENTS 1 MAXEXTENTS 2147483645
  PCTINCREASE 0 FREELISTS 1 FREELIST GROUPS 1 BUFFER_POOL DEFAULT FLASH_CACHE DEFAULT CELL_FLASH_CACHE DEFAULT)
  TABLESPACE "SYSTEM" ;
--------------------------------------------------------
--  DDL for Trigger CLIENT_TRG
--------------------------------------------------------

  CREATE OR REPLACE TRIGGER "AHMED"."CLIENT_TRG" 
BEFORE INSERT ON AHMED.CLIENTS
FOR EACH ROW
BEGIN
    IF :NEW.CLIENT_ID IS NULL THEN
        SELECT AHMED.CLIENT_SEQ.NEXTVAL INTO :NEW.CLIENT_ID FROM DUAL;
    END IF;
END;

/
ALTER TRIGGER "AHMED"."CLIENT_TRG" ENABLE;
--------------------------------------------------------
--  DDL for Trigger EMPLOYEE_TRG
--------------------------------------------------------

  CREATE OR REPLACE TRIGGER "AHMED"."EMPLOYEE_TRG" 
BEFORE INSERT ON AHMED.EMPLOYEE 
FOR EACH ROW 
BEGIN
    IF :NEW.ID IS NULL THEN
        SELECT AHMED.EMPLOYEE_SEQ.NEXTVAL INTO :NEW.ID FROM DUAL;
    END IF;
END;

/
ALTER TRIGGER "AHMED"."EMPLOYEE_TRG" ENABLE;
--------------------------------------------------------
--  DDL for Trigger FORMATION_TRG
--------------------------------------------------------

  CREATE OR REPLACE TRIGGER "AHMED"."FORMATION_TRG" 
BEFORE INSERT ON AHMED.FORMATIONS
FOR EACH ROW
BEGIN
    IF :NEW.IDFORM IS NULL THEN
        SELECT AHMED.FORMATION_SEQ.NEXTVAL INTO :NEW.IDFORM FROM DUAL;
    END IF;
END;

/
ALTER TRIGGER "AHMED"."FORMATION_TRG" ENABLE;
--------------------------------------------------------
--  DDL for Trigger MEETING_TRG
--------------------------------------------------------

  CREATE OR REPLACE TRIGGER "AHMED"."MEETING_TRG" 
BEFORE INSERT ON AHMED.MEETING 
FOR EACH ROW 
BEGIN
    IF :NEW.ID IS NULL THEN
        SELECT AHMED.MEETING_SEQ.NEXTVAL INTO :NEW.ID FROM DUAL;
    END IF;
END;

/
ALTER TRIGGER "AHMED"."MEETING_TRG" ENABLE;
--------------------------------------------------------
--  DDL for Trigger RESOURCE_TRG
--------------------------------------------------------

  CREATE OR REPLACE TRIGGER "AHMED"."RESOURCE_TRG" 
BEFORE INSERT ON AHMED.RESOURCES
FOR EACH ROW
BEGIN
    IF :NEW.RESOURCE_ID IS NULL THEN
        SELECT AHMED.RESOURCE_SEQ.NEXTVAL INTO :NEW.RESOURCE_ID FROM DUAL;
    END IF;
END;

/
ALTER TRIGGER "AHMED"."RESOURCE_TRG" ENABLE;
--------------------------------------------------------
--  Constraints for Table CLIENTS
--------------------------------------------------------

  ALTER TABLE "AHMED"."CLIENTS" ADD CONSTRAINT "CLIENTS_PK" PRIMARY KEY ("CLIENT_ID")
  USING INDEX PCTFREE 10 INITRANS 2 MAXTRANS 255 
  STORAGE(INITIAL 65536 NEXT 1048576 MINEXTENTS 1 MAXEXTENTS 2147483645
  PCTINCREASE 0 FREELISTS 1 FREELIST GROUPS 1 BUFFER_POOL DEFAULT FLASH_CACHE DEFAULT CELL_FLASH_CACHE DEFAULT)
  TABLESPACE "SYSTEM"  ENABLE;
  ALTER TABLE "AHMED"."CLIENTS" MODIFY ("CONSULTANT_ID" NOT NULL ENABLE);
  ALTER TABLE "AHMED"."CLIENTS" MODIFY ("NAME" NOT NULL ENABLE);
  ALTER TABLE "AHMED"."CLIENTS" MODIFY ("CLIENT_ID" NOT NULL ENABLE);
--------------------------------------------------------
--  Constraints for Table EMPLOYEE
--------------------------------------------------------

  ALTER TABLE "AHMED"."EMPLOYEE" ADD CONSTRAINT "EMPLOYEE_PK" PRIMARY KEY ("ID")
  USING INDEX PCTFREE 10 INITRANS 2 MAXTRANS 255 
  STORAGE(INITIAL 65536 NEXT 1048576 MINEXTENTS 1 MAXEXTENTS 2147483645
  PCTINCREASE 0 FREELISTS 1 FREELIST GROUPS 1 BUFFER_POOL DEFAULT FLASH_CACHE DEFAULT CELL_FLASH_CACHE DEFAULT)
  TABLESPACE "SYSTEM"  ENABLE;
  ALTER TABLE "AHMED"."EMPLOYEE" MODIFY ("SPECIALITY" NOT NULL ENABLE);
  ALTER TABLE "AHMED"."EMPLOYEE" MODIFY ("SALARY" NOT NULL ENABLE);
  ALTER TABLE "AHMED"."EMPLOYEE" MODIFY ("GENDER" NOT NULL ENABLE);
  ALTER TABLE "AHMED"."EMPLOYEE" MODIFY ("PHONE" NOT NULL ENABLE);
  ALTER TABLE "AHMED"."EMPLOYEE" MODIFY ("FIRST_NAME" NOT NULL ENABLE);
  ALTER TABLE "AHMED"."EMPLOYEE" MODIFY ("LAST_NAME" NOT NULL ENABLE);
  ALTER TABLE "AHMED"."EMPLOYEE" MODIFY ("CIN" NOT NULL ENABLE);
  ALTER TABLE "AHMED"."EMPLOYEE" MODIFY ("ID" NOT NULL ENABLE);
--------------------------------------------------------
--  Constraints for Table FORMATIONS
--------------------------------------------------------

  ALTER TABLE "AHMED"."FORMATIONS" ADD CONSTRAINT "FORMATION_PK" PRIMARY KEY ("IDFORM")
  USING INDEX PCTFREE 10 INITRANS 2 MAXTRANS 255 
  STORAGE(INITIAL 65536 NEXT 1048576 MINEXTENTS 1 MAXEXTENTS 2147483645
  PCTINCREASE 0 FREELISTS 1 FREELIST GROUPS 1 BUFFER_POOL DEFAULT FLASH_CACHE DEFAULT CELL_FLASH_CACHE DEFAULT)
  TABLESPACE "SYSTEM"  ENABLE;
  ALTER TABLE "AHMED"."FORMATIONS" MODIFY ("PRIX" NOT NULL ENABLE);
  ALTER TABLE "AHMED"."FORMATIONS" MODIFY ("TIME" NOT NULL ENABLE);
  ALTER TABLE "AHMED"."FORMATIONS" MODIFY ("DATEF" NOT NULL ENABLE);
  ALTER TABLE "AHMED"."FORMATIONS" MODIFY ("TRAINER" NOT NULL ENABLE);
  ALTER TABLE "AHMED"."FORMATIONS" MODIFY ("FORMATION" NOT NULL ENABLE);
  ALTER TABLE "AHMED"."FORMATIONS" MODIFY ("IDFORM" NOT NULL ENABLE);
--------------------------------------------------------
--  Constraints for Table MEETING
--------------------------------------------------------

  ALTER TABLE "AHMED"."MEETING" ADD CONSTRAINT "TABLE1_PK" PRIMARY KEY ("ID")
  USING INDEX PCTFREE 10 INITRANS 2 MAXTRANS 255 
  STORAGE(INITIAL 65536 NEXT 1048576 MINEXTENTS 1 MAXEXTENTS 2147483645
  PCTINCREASE 0 FREELISTS 1 FREELIST GROUPS 1 BUFFER_POOL DEFAULT FLASH_CACHE DEFAULT CELL_FLASH_CACHE DEFAULT)
  TABLESPACE "SYSTEM"  ENABLE;
  ALTER TABLE "AHMED"."MEETING" MODIFY ("AGENDA" NOT NULL ENABLE);
  ALTER TABLE "AHMED"."MEETING" MODIFY ("PARTICIPANT" NOT NULL ENABLE);
  ALTER TABLE "AHMED"."MEETING" MODIFY ("ORGANISER" NOT NULL ENABLE);
  ALTER TABLE "AHMED"."MEETING" MODIFY ("TITLE" NOT NULL ENABLE);
  ALTER TABLE "AHMED"."MEETING" MODIFY ("ID" NOT NULL ENABLE);
--------------------------------------------------------
--  Constraints for Table RESOURCES
--------------------------------------------------------

  ALTER TABLE "AHMED"."RESOURCES" ADD CONSTRAINT "RESOURCES_PK" PRIMARY KEY ("RESOURCE_ID")
  USING INDEX PCTFREE 10 INITRANS 2 MAXTRANS 255 
  STORAGE(INITIAL 65536 NEXT 1048576 MINEXTENTS 1 MAXEXTENTS 2147483645
  PCTINCREASE 0 FREELISTS 1 FREELIST GROUPS 1 BUFFER_POOL DEFAULT FLASH_CACHE DEFAULT CELL_FLASH_CACHE DEFAULT)
  TABLESPACE "SYSTEM"  ENABLE;
  ALTER TABLE "AHMED"."RESOURCES" MODIFY ("RESOURCE_ID" NOT NULL ENABLE);
--------------------------------------------------------
--  Ref Constraints for Table CLIENTS
--------------------------------------------------------

  ALTER TABLE "AHMED"."CLIENTS" ADD CONSTRAINT "CLIENTS_FK1" FOREIGN KEY ("CONSULTANT_ID")
	  REFERENCES "AHMED"."EMPLOYEE" ("ID") ON DELETE CASCADE ENABLE;
--------------------------------------------------------
--  Ref Constraints for Table FORMATIONS
--------------------------------------------------------

  ALTER TABLE "AHMED"."FORMATIONS" ADD CONSTRAINT "CLIENT_FK1" FOREIGN KEY ("CLIENT_ID")
	  REFERENCES "AHMED"."CLIENTS" ("CLIENT_ID") ON DELETE CASCADE ENABLE;
  ALTER TABLE "AHMED"."FORMATIONS" ADD CONSTRAINT "EMPLOYEE_FK2" FOREIGN KEY ("EPLOYEE_ID")
	  REFERENCES "AHMED"."EMPLOYEE" ("ID") ON DELETE CASCADE ENABLE;
  ALTER TABLE "AHMED"."FORMATIONS" ADD CONSTRAINT "RESSOURCE_FK2" FOREIGN KEY ("RESSOURCE_ID")
	  REFERENCES "AHMED"."RESOURCES" ("RESOURCE_ID") ON DELETE CASCADE ENABLE;
--------------------------------------------------------
--  Ref Constraints for Table MEETING
--------------------------------------------------------

  ALTER TABLE "AHMED"."MEETING" ADD CONSTRAINT "CLIENT_FK" FOREIGN KEY ("CLIENT_ID")
	  REFERENCES "AHMED"."CLIENTS" ("CLIENT_ID") ON DELETE CASCADE ENABLE;
  ALTER TABLE "AHMED"."MEETING" ADD CONSTRAINT "EMPLOYEE_FK" FOREIGN KEY ("EMPLOYEE_ID")
	  REFERENCES "AHMED"."EMPLOYEE" ("ID") ON DELETE CASCADE ENABLE;
  ALTER TABLE "AHMED"."MEETING" ADD CONSTRAINT "RESSOURCE_FK" FOREIGN KEY ("RESSOURCE_ID")
	  REFERENCES "AHMED"."RESOURCES" ("RESOURCE_ID") ON DELETE CASCADE ENABLE;
--------------------------------------------------------
--  Ref Constraints for Table RESOURCES
--------------------------------------------------------

  ALTER TABLE "AHMED"."RESOURCES" ADD CONSTRAINT "EMPLOYEE_FK1" FOREIGN KEY ("EMPLOYEE_ID")
	  REFERENCES "AHMED"."EMPLOYEE" ("ID") ON DELETE CASCADE ENABLE;
